Source	Target	lSource	lTarget	uniqueIdWikiDEST	uniqueIdWikiDEST	wikiSRC	wikiTarget	iwl	direct	cnID
40	33244	HeidelbergCement	ARD	1	1	de	de	0	1	39
40	2	HeidelbergCement	Adidas	1	1	de	de	0	1	39
40	33245	HeidelbergCement	Adolf Merckle	1	1	de	de	0	1	39
40	4608	HeidelbergCement	Aktiengesellschaft	1	1	de	de	0	1	39
40	3	HeidelbergCement	Aktiengesellschaft (Deutschland)	1	1	de	de	0	1	39
40	4	HeidelbergCement	Allianz SE	1	1	de	de	0	1	39
40	5	HeidelbergCement	Altana	1	1	de	de	0	1	39
40	221	HeidelbergCement	Aufsichtsrat	1	1	de	de	0	1	39
40	7	HeidelbergCement	BASF	1	1	de	de	0	1	39
40	8	HeidelbergCement	BMW	1	1	de	de	0	1	39
40	9	HeidelbergCement	Babcock Borsig	1	1	de	de	0	1	39
40	33246	HeidelbergCement	Baschkortostan	1	1	de	de	0	1	39
40	33247	HeidelbergCement	Baustoff	1	1	de	de	0	1	39
40	10	HeidelbergCement	Bayer AG	1	1	de	de	0	1	39
40	101	HeidelbergCement	Bayerische Hypotheken- und Wechsel-Bank	1	1	de	de	0	1	39
40	13	HeidelbergCement	Bayerische Vereinsbank	1	1	de	de	0	1	39
40	16	HeidelbergCement	Beiersdorf AG	1	1	de	de	0	1	39
40	10167	HeidelbergCement	Belgien	1	1	de	de	0	1	39
40	33248	HeidelbergCement	Bernd Scheifele	1	1	de	de	0	1	39
40	33249	HeidelbergCement	Beton	1	1	de	de	0	1	39
40	229	HeidelbergCement	Bilanzsumme	1	1	de	de	0	1	39
40	33250	HeidelbergCement	Bundesgerichtshof	1	1	de	de	0	1	39
40	10647	HeidelbergCement	Bundeskartellamt	1	1	de	de	0	1	39
40	33251	HeidelbergCement	Cartel Damage Claims	1	1	de	de	0	1	39
40	33252	HeidelbergCement	Cemex	1	1	de	de	0	1	39
40	17	HeidelbergCement	Commerzbank	1	1	de	de	0	1	39
40	5877	HeidelbergCement	Compagnie de Saint-Gobain	1	1	de	de	0	1	39
40	18	HeidelbergCement	Continental AG	1	1	de	de	0	1	39
40	19	HeidelbergCement	DAX	1	1	de	de	0	1	39
40	20	HeidelbergCement	Daimler AG	1	1	de	de	0	1	39
40	22	HeidelbergCement	Deutsche Bank	1	1	de	de	0	1	39
40	23	HeidelbergCement	Deutsche Börse	1	1	de	de	0	1	39
40	24	HeidelbergCement	Deutsche Post AG	1	1	de	de	0	1	39
40	25	HeidelbergCement	Deutsche Telekom	1	1	de	de	0	1	39
40	26	HeidelbergCement	Deutschland	1	1	de	de	0	1	39
40	27	HeidelbergCement	Dresdner Bank	1	1	de	de	0	1	39
40	33253	HeidelbergCement	Dyckerhoff AG	1	1	de	de	0	1	39
40	28	HeidelbergCement	E.ON	1	1	de	de	0	1	39
40	33254	HeidelbergCement	EU-Kommissar	1	1	de	de	0	1	39
40	30	HeidelbergCement	Epcos	1	1	de	de	0	1	39
40	255	HeidelbergCement	Erlös	1	1	de	de	0	1	39
40	258	HeidelbergCement	Euro	1	1	de	de	0	1	39
40	31	HeidelbergCement	Evonik Degussa	1	1	de	de	0	1	39
40	32	HeidelbergCement	Feldmühle (Unternehmen)	1	1	de	de	0	1	39
40	33	HeidelbergCement	Fresenius (Unternehmen)	1	1	de	de	0	1	39
40	34	HeidelbergCement	Fresenius Medical Care	1	1	de	de	0	1	39
40	270	HeidelbergCement	Gewinn	1	1	de	de	0	1	39
40	37	HeidelbergCement	Gründung (Recht)	1	1	de	de	0	1	39
40	39	HeidelbergCement	Hannover Rück	1	1	de	de	0	1	39
40	33255	HeidelbergCement	Hanson plc	1	1	de	de	0	1	39
40	33256	HeidelbergCement	Heidelberg	1	1	de	de	0	1	39
40	41	HeidelbergCement	Henkel (Unternehmen)	1	1	de	de	0	1	39
40	42	HeidelbergCement	Hoechst	1	1	de	de	0	1	39
40	33257	HeidelbergCement	Holcim	1	1	de	de	0	1	39
40	43	HeidelbergCement	Hypo Real Estate	1	1	de	de	0	1	39
40	33258	HeidelbergCement	Indocement	1	1	de	de	0	1	39
40	46	HeidelbergCement	Infineon	1	1	de	de	0	1	39
40	289	HeidelbergCement	International Securities Identification Number	1	1	de	de	0	1	39
40	33259	HeidelbergCement	Israelisch besetzte Gebiete	1	1	de	de	0	1	39
40	33260	HeidelbergCement	Jesch Din	1	1	de	de	0	1	39
40	33261	HeidelbergCement	Johann Philipp Schifferdecker	1	1	de	de	0	1	39
40	48	HeidelbergCement	K+S	1	1	de	de	0	1	39
40	33262	HeidelbergCement	Kalksandstein	1	1	de	de	0	1	39
40	33263	HeidelbergCement	Karel Van Miert	1	1	de	de	0	1	39
40	49	HeidelbergCement	Karstadt	1	1	de	de	0	1	39
40	33264	HeidelbergCement	Kies	1	1	de	de	0	1	39
40	33265	HeidelbergCement	Lafarge (Unternehmen)	1	1	de	de	0	1	39
40	53	HeidelbergCement	Lanxess	1	1	de	de	0	1	39
40	54	HeidelbergCement	Linde AG	1	1	de	de	0	1	39
40	33266	HeidelbergCement	Lindenberg (Barnim)	1	1	de	de	0	1	39
40	33267	HeidelbergCement	Liste der größten Zementhersteller	1	1	de	de	0	1	39
40	57	HeidelbergCement	Lufthansa	1	1	de	de	0	1	39
40	58	HeidelbergCement	MAN	1	1	de	de	0	1	39
40	59	HeidelbergCement	MLP AG	1	1	de	de	0	1	39
40	61	HeidelbergCement	Mannesmann	1	1	de	de	0	1	39
40	33268	HeidelbergCement	Materialseilbahn Leimen–Nußloch	1	1	de	de	0	1	39
40	33269	HeidelbergCement	Maxit	1	1	de	de	0	1	39
40	62	HeidelbergCement	Merck KGaA	1	1	de	de	0	1	39
40	33270	HeidelbergCement	Merckle Unternehmensgruppe	1	1	de	de	0	1	39
40	63	HeidelbergCement	Metro AG	1	1	de	de	0	1	39
40	64	HeidelbergCement	Mitarbeiter	1	1	de	de	0	1	39
40	33271	HeidelbergCement	Mosbach	1	1	de	de	0	1	39
40	65	HeidelbergCement	Munich Re	1	1	de	de	0	1	39
40	68	HeidelbergCement	Nixdorf Computer	1	1	de	de	0	1	39
40	33272	HeidelbergCement	Oberlandesgericht Düsseldorf	1	1	de	de	0	1	39
40	33273	HeidelbergCement	Offene Handelsgesellschaft	1	1	de	de	0	1	39
40	33274	HeidelbergCement	Ostasien	1	1	de	de	0	1	39
40	33275	HeidelbergCement	Portland-Zement Blaubeuren Gebrüder Spohn AG	1	1	de	de	0	1	39
40	72	HeidelbergCement	Postbank	1	1	de	de	0	1	39
40	73	HeidelbergCement	Preussag	1	1	de	de	0	1	39
40	74	HeidelbergCement	RWE	1	1	de	de	0	1	39
40	75	HeidelbergCement	Rechtsform	1	1	de	de	0	1	39
40	76	HeidelbergCement	SAP	1	1	de	de	0	1	39
40	77	HeidelbergCement	Salzgitter AG	1	1	de	de	0	1	39
40	33276	HeidelbergCement	Sand	1	1	de	de	0	1	39
40	33277	HeidelbergCement	Scancem	1	1	de	de	0	1	39
40	33278	HeidelbergCement	Schwenk Zement	1	1	de	de	0	1	39
40	78	HeidelbergCement	Siemens	1	1	de	de	0	1	39
40	80	HeidelbergCement	Sitz (juristische Person)	1	1	de	de	0	1	39
40	81	HeidelbergCement	TUI	1	1	de	de	0	1	39
40	82	HeidelbergCement	ThyssenKrupp	1	1	de	de	0	1	39
40	359	HeidelbergCement	Unternehmensführung	1	1	de	de	0	1	39
40	84	HeidelbergCement	VEBA	1	1	de	de	0	1	39
40	85	HeidelbergCement	VIAG	1	1	de	de	0	1	39
40	33279	HeidelbergCement	Vicat (Unternehmen)	1	1	de	de	0	1	39
40	86	HeidelbergCement	Volkswagen AG	1	1	de	de	0	1	39
40	362	HeidelbergCement	Vorstandsvorsitzender	1	1	de	de	0	1	39
40	33280	HeidelbergCement	Völkerrecht	1	1	de	de	0	1	39
40	87	HeidelbergCement	Website	1	1	de	de	0	1	39
40	33281	HeidelbergCement	WestLB	1	1	de	de	0	1	39
40	33282	HeidelbergCement	Westjordanland	1	1	de	de	0	1	39
40	33283	HeidelbergCement	Wirtschaftswoche	1	1	de	de	0	1	39
40	90	HeidelbergCement	Wirtschaftszweig	1	1	de	de	0	1	39
40	33284	HeidelbergCement	Zement	1	1	de	de	0	1	39
40	33285	HeidelbergCement	Zementkartell	1	1	de	de	0	1	39
40	33286	HeidelbergCement	Zuschlagstoff	1	1	de	de	0	1	39
40	505	HeidelbergCement	HeidelbergCement	1	4	de	fr	1	0	39
40	647	HeidelbergCement	هایدلبرگ‌سمنت	1	6	de	fa	1	0	39
40	713	HeidelbergCement	HeidelbergCement	1	2	de	en	1	0	39
40	33287	HeidelbergCement	HeidelbergCement	1	7	de	es	1	0	39
40	964	HeidelbergCement	HeidelbergCement	1	10	de	da	1	0	39
40	33288	HeidelbergCement	HeidelbergCement	1	27	de	cs	1	0	39
40	33289	HeidelbergCement	HeidelbergCement	1	12	de	no	1	0	39
40	33290	HeidelbergCement	HeidelbergCement	1	13	de	pl	1	0	39
40	1075	HeidelbergCement	HeidelbergCement	1	14	de	nl	1	0	39
40	3835	HeidelbergCement	Heidelberg Cement	1	16	de	it	1	0	39
40	33291	HeidelbergCement	ハイデルベルグセメント	1	17	de	ja	1	0	39
40	33292	HeidelbergCement	Heidelberg cement group	1	20	de	sv	1	0	39
40	28490	HeidelbergCement	HeidelbergCement	1	21	de	ru	1	0	39
40	33293	HeidelbergCement	HeidelbergCement	1	22	de	ro	1	0	39
40	1610	HeidelbergCement	HeidelbergCement	1	23	de	pt	1	0	39
40	1683	HeidelbergCement	海德堡水泥	1	24	de	zh	1	0	39
505	33294	HeidelbergCement	1894	4	4	fr	fr	0	1	39
505	468	HeidelbergCement	Adidas	4	4	fr	fr	0	1	39
505	470	HeidelbergCement	Allemagne	4	4	fr	fr	0	1	39
505	471	HeidelbergCement	Allianz	4	4	fr	fr	0	1	39
505	475	HeidelbergCement	BASF	4	4	fr	fr	0	1	39
505	477	HeidelbergCement	Bayer (entreprise)	4	4	fr	fr	0	1	39
505	478	HeidelbergCement	Bayerische Motoren Werke	4	4	fr	fr	0	1	39
505	480	HeidelbergCement	Beiersdorf	4	4	fr	fr	0	1	39
505	33295	HeidelbergCement	Cemex	4	4	fr	fr	0	1	39
505	486	HeidelbergCement	Chiffre d'affaires	4	4	fr	fr	0	1	39
505	33296	HeidelbergCement	Ciment	4	4	fr	fr	0	1	39
505	487	HeidelbergCement	Commerzbank	4	4	fr	fr	0	1	39
505	377	HeidelbergCement	Continental AG	4	4	fr	fr	0	1	39
505	489	HeidelbergCement	DAX	4	4	fr	fr	0	1	39
505	491	HeidelbergCement	Daimler (entreprise)	4	4	fr	fr	0	1	39
505	492	HeidelbergCement	Deutsche Bank	4	4	fr	fr	0	1	39
505	493	HeidelbergCement	Deutsche Börse	4	4	fr	fr	0	1	39
505	494	HeidelbergCement	Deutsche Post	4	4	fr	fr	0	1	39
505	495	HeidelbergCement	Deutsche Telekom	4	4	fr	fr	0	1	39
505	497	HeidelbergCement	E.ON	4	4	fr	fr	0	1	39
505	500	HeidelbergCement	Fresenius	4	4	fr	fr	0	1	39
505	501	HeidelbergCement	Fresenius Medical Care	4	4	fr	fr	0	1	39
505	29333	HeidelbergCement	Heidelberg	4	4	fr	fr	0	1	39
505	506	HeidelbergCement	Henkel	4	4	fr	fr	0	1	39
505	33297	HeidelbergCement	Holcim	4	4	fr	fr	0	1	39
505	508	HeidelbergCement	Infineon Technologies	4	4	fr	fr	0	1	39
505	511	HeidelbergCement	K+S	4	4	fr	fr	0	1	39
505	33298	HeidelbergCement	Lafarge SA	4	4	fr	fr	0	1	39
505	513	HeidelbergCement	Lanxess	4	4	fr	fr	0	1	39
505	515	HeidelbergCement	Linde AG	4	4	fr	fr	0	1	39
505	519	HeidelbergCement	Lufthansa	4	4	fr	fr	0	1	39
505	2172	HeidelbergCement	MDAX	4	4	fr	fr	0	1	39
505	522	HeidelbergCement	Merck KGaA	4	4	fr	fr	0	1	39
505	524	HeidelbergCement	Munich Re	4	4	fr	fr	0	1	39
505	537	HeidelbergCement	RWE	4	4	fr	fr	0	1	39
505	540	HeidelbergCement	Résultat net	4	4	fr	fr	0	1	39
505	541	HeidelbergCement	SAP (entreprise)	4	4	fr	fr	0	1	39
505	2225	HeidelbergCement	Secteur d'activité	4	4	fr	fr	0	1	39
505	547	HeidelbergCement	Siemens (entreprise)	4	4	fr	fr	0	1	39
505	548	HeidelbergCement	Site web	4	4	fr	fr	0	1	39
505	549	HeidelbergCement	Siège social	4	4	fr	fr	0	1	39
505	554	HeidelbergCement	ThyssenKrupp	4	4	fr	fr	0	1	39
505	560	HeidelbergCement	Volkswagen (entreprise)	4	4	fr	fr	0	1	39
505	33299	HeidelbergCement	Discussion:HeidelbergCement/À faire	4	4	fr	fr	0	1	39
505	564	HeidelbergCement	Wikipédia:Notoriété des entreprises, sociétés et produits	4	4	fr	fr	0	1	39
505	565	HeidelbergCement	Modèle:En	4	4	fr	fr	0	1	39
505	566	HeidelbergCement	Modèle:Infobox Société	4	4	fr	fr	0	1	39
505	567	HeidelbergCement	Modèle:Palette DAX	4	4	fr	fr	0	1	39
505	569	HeidelbergCement	Modèle:Ébauche/paramètres entreprise allemande	4	4	fr	fr	0	1	39
505	570	HeidelbergCement	Discussion modèle:Palette DAX	4	4	fr	fr	0	1	39
505	571	HeidelbergCement	Aide:Comment modifier une page	4	4	fr	fr	0	1	39
505	573	HeidelbergCement	Aide:Ébauche	4	4	fr	fr	0	1	39
505	574	HeidelbergCement	Catégorie:Entreprise par date de fondation	4	4	fr	fr	0	1	39
505	29380	HeidelbergCement	Catégorie:Portail:Bade-Wurtemberg/Articles liés	4	4	fr	fr	0	1	39
505	33300	HeidelbergCement	Catégorie:Portail:Bâtiment et travaux publics/Articles liés	4	4	fr	fr	0	1	39
505	578	HeidelbergCement	Catégorie:Portail:Entreprises/Articles liés	4	4	fr	fr	0	1	39
505	579	HeidelbergCement	Portail:Allemagne	4	4	fr	fr	0	1	39
505	29382	HeidelbergCement	Portail:Bade-Wurtemberg	4	4	fr	fr	0	1	39
505	33301	HeidelbergCement	Portail:Bâtiment et travaux publics	4	4	fr	fr	0	1	39
505	582	HeidelbergCement	Portail:Entreprises	4	4	fr	fr	0	1	39
647	609	هایدلبرگ‌سمنت	آدیداس	6	6	fa	fa	0	1	39
647	33302	هایدلبرگ‌سمنت	آسفالت	6	6	fa	fa	0	1	39
647	610	هایدلبرگ‌سمنت	آلمان	6	6	fa	fa	0	1	39
647	611	هایدلبرگ‌سمنت	آلیانتس	6	6	fa	fa	0	1	39
647	612	هایدلبرگ‌سمنت	ا.آن	6	6	fa	fa	0	1	39
647	613	هایدلبرگ‌سمنت	ار وه ئه	6	6	fa	fa	0	1	39
647	617	هایدلبرگ‌سمنت	اس آ پ	6	6	fa	fa	0	1	39
647	618	هایدلبرگ‌سمنت	اینفینئون	6	6	fa	fa	0	1	39
647	619	هایدلبرگ‌سمنت	ب آ اس اف	6	6	fa	fa	0	1	39
647	620	هایدلبرگ‌سمنت	ب ام و	6	6	fa	fa	0	1	39
647	621	هایدلبرگ‌سمنت	بایر (شرکت)	6	6	fa	fa	0	1	39
647	622	هایدلبرگ‌سمنت	بایرسدورف	6	6	fa	fa	0	1	39
647	33303	هایدلبرگ‌سمنت	بتن	6	6	fa	fa	0	1	39
647	627	هایدلبرگ‌سمنت	تیسن‌کروپ	6	6	fa	fa	0	1	39
647	628	هایدلبرگ‌سمنت	جهان	6	6	fa	fa	0	1	39
647	630	هایدلبرگ‌سمنت	دایملر آ گ	6	6	fa	fa	0	1	39
647	631	هایدلبرگ‌سمنت	دویچه بانک	6	6	fa	fa	0	1	39
647	632	هایدلبرگ‌سمنت	دویچه بورزه	6	6	fa	fa	0	1	39
647	633	هایدلبرگ‌سمنت	دویچه تلکوم	6	6	fa	fa	0	1	39
647	634	هایدلبرگ‌سمنت	دویچه پست	6	6	fa	fa	0	1	39
647	635	هایدلبرگ‌سمنت	زبان آلمانی	6	6	fa	fa	0	1	39
647	636	هایدلبرگ‌سمنت	زیمنس	6	6	fa	fa	0	1	39
647	33304	هایدلبرگ‌سمنت	سنگدانه	6	6	fa	fa	0	1	39
647	33305	هایدلبرگ‌سمنت	سیمان	6	6	fa	fa	0	1	39
647	10307	هایدلبرگ‌سمنت	شرکت	6	6	fa	fa	0	1	39
647	9914	هایدلبرگ‌سمنت	شرکت چندملیتی	6	6	fa	fa	0	1	39
647	637	هایدلبرگ‌سمنت	فرزنیوس	6	6	fa	fa	0	1	39
647	638	هایدلبرگ‌سمنت	فرزنیوس مدیکال کر	6	6	fa	fa	0	1	39
647	639	هایدلبرگ‌سمنت	لانکسس	6	6	fa	fa	0	1	39
647	640	هایدلبرگ‌سمنت	لوفت‌هانزا	6	6	fa	fa	0	1	39
647	641	هایدلبرگ‌سمنت	لینده	6	6	fa	fa	0	1	39
647	642	هایدلبرگ‌سمنت	مرک	6	6	fa	fa	0	1	39
647	33306	هایدلبرگ‌سمنت	مصالح ساختمانی	6	6	fa	fa	0	1	39
647	644	هایدلبرگ‌سمنت	میونیک ره	6	6	fa	fa	0	1	39
647	33307	هایدلبرگ‌سمنت	هایدلبرگ	6	6	fa	fa	0	1	39
647	648	هایدلبرگ‌سمنت	هنکل	6	6	fa	fa	0	1	39
647	649	هایدلبرگ‌سمنت	کا+اس	6	6	fa	fa	0	1	39
647	652	هایدلبرگ‌سمنت	کومرتس‌بانک	6	6	fa	fa	0	1	39
647	379	هایدلبرگ‌سمنت	کونتیننتال آ گ	6	6	fa	fa	0	1	39
647	653	هایدلبرگ‌سمنت	گروه فولکس‌واگن	6	6	fa	fa	0	1	39
647	655	هایدلبرگ‌سمنت	یورو	6	6	fa	fa	0	1	39
647	33308	هایدلبرگ‌سمنت	۱۸۷۴ (میلادی)	6	6	fa	fa	0	1	39
647	657	هایدلبرگ‌سمنت	الگو:شرکت‌های دکس	6	6	fa	fa	0	1	39
647	658	هایدلبرگ‌سمنت	بحث الگو:شرکت‌های دکس	6	6	fa	fa	0	1	39
713	660	HeidelbergCement	Adidas	2	2	en	en	0	1	39
713	33309	HeidelbergCement	Adolf Merckle	2	2	en	en	0	1	39
713	4992	HeidelbergCement	Aktiengesellschaft	2	2	en	en	0	1	39
713	662	HeidelbergCement	Allianz	2	2	en	en	0	1	39
713	33310	HeidelbergCement	Asphalt	2	2	en	en	0	1	39
713	2508	HeidelbergCement	Asset	2	2	en	en	0	1	39
713	667	HeidelbergCement	BASF	2	2	en	en	0	1	39
713	668	HeidelbergCement	BMW	2	2	en	en	0	1	39
713	29748	HeidelbergCement	Baden-Württemberg	2	2	en	en	0	1	39
713	671	HeidelbergCement	Bayer AG	2	2	en	en	0	1	39
713	672	HeidelbergCement	Beiersdorf	2	2	en	en	0	1	39
713	25827	HeidelbergCement	Belgium	2	2	en	en	0	1	39
713	33311	HeidelbergCement	Building material	2	2	en	en	0	1	39
713	33312	HeidelbergCement	Cement	2	2	en	en	0	1	39
713	33313	HeidelbergCement	Cemex	2	2	en	en	0	1	39
713	2531	HeidelbergCement	Chairman	2	2	en	en	0	1	39
713	2532	HeidelbergCement	Chief executive officer	2	2	en	en	0	1	39
713	157	HeidelbergCement	Commerzbank	2	2	en	en	0	1	39
713	33314	HeidelbergCement	Construction aggregate	2	2	en	en	0	1	39
713	380	HeidelbergCement	Continental AG	2	2	en	en	0	1	39
713	687	HeidelbergCement	DAX	2	2	en	en	0	1	39
713	688	HeidelbergCement	Daimler AG	2	2	en	en	0	1	39
713	163	HeidelbergCement	Deutsche Bank	2	2	en	en	0	1	39
713	689	HeidelbergCement	Deutsche Börse	2	2	en	en	0	1	39
713	690	HeidelbergCement	Deutsche Post	2	2	en	en	0	1	39
713	691	HeidelbergCement	Deutsche Telekom	2	2	en	en	0	1	39
713	692	HeidelbergCement	E.ON	2	2	en	en	0	1	39
713	694	HeidelbergCement	Earnings before interest and taxes	2	2	en	en	0	1	39
713	696	HeidelbergCement	Equity (finance)	2	2	en	en	0	1	39
713	25849	HeidelbergCement	France	2	2	en	en	0	1	39
713	700	HeidelbergCement	Frankfurt Stock Exchange	2	2	en	en	0	1	39
713	702	HeidelbergCement	Fresenius (company)	2	2	en	en	0	1	39
713	703	HeidelbergCement	Fresenius Medical Care	2	2	en	en	0	1	39
713	172	HeidelbergCement	Germany	2	2	en	en	0	1	39
713	33315	HeidelbergCement	Hanson plc	2	2	en	en	0	1	39
713	33316	HeidelbergCement	Heidelberg	2	2	en	en	0	1	39
713	714	HeidelbergCement	Henkel	2	2	en	en	0	1	39
713	33317	HeidelbergCement	Holcim	2	2	en	en	0	1	39
713	717	HeidelbergCement	Infineon Technologies	2	2	en	en	0	1	39
713	721	HeidelbergCement	K+S	2	2	en	en	0	1	39
713	33318	HeidelbergCement	Lafarge	2	2	en	en	0	1	39
713	723	HeidelbergCement	Lanxess	2	2	en	en	0	1	39
713	726	HeidelbergCement	Lufthansa	2	2	en	en	0	1	39
713	730	HeidelbergCement	Merck KGaA	2	2	en	en	0	1	39
713	13444	HeidelbergCement	Multinational corporation	2	2	en	en	0	1	39
713	734	HeidelbergCement	Munich Re	2	2	en	en	0	1	39
713	735	HeidelbergCement	Net income	2	2	en	en	0	1	39
713	33319	HeidelbergCement	Portland cement	2	2	en	en	0	1	39
713	742	HeidelbergCement	RWE	2	2	en	en	0	1	39
713	33320	HeidelbergCement	Ready-mix concrete	2	2	en	en	0	1	39
713	746	HeidelbergCement	SAP AG	2	2	en	en	0	1	39
713	33321	HeidelbergCement	Schelklingen	2	2	en	en	0	1	39
713	204	HeidelbergCement	Siemens	2	2	en	en	0	1	39
713	2646	HeidelbergCement	Supervisory board	2	2	en	en	0	1	39
713	756	HeidelbergCement	The Linde Group	2	2	en	en	0	1	39
713	757	HeidelbergCement	ThyssenKrupp	2	2	en	en	0	1	39
713	758	HeidelbergCement	Ticker symbol	2	2	en	en	0	1	39
713	762	HeidelbergCement	Types of business entity	2	2	en	en	0	1	39
713	33322	HeidelbergCement	Vicat Cement	2	2	en	en	0	1	39
713	768	HeidelbergCement	Volkswagen Group	2	2	en	en	0	1	39
713	4835	HeidelbergCement	Wikipedia:Citation needed	2	2	en	en	0	1	39
713	771	HeidelbergCement	Template:DAX companies	2	2	en	en	0	1	39
713	773	HeidelbergCement	Template talk:DAX companies	2	2	en	en	0	1	39
713	33323	HeidelbergCement	Category:Articles with unsourced statements from March 2012	2	2	en	en	0	1	39
33287	33324	HeidelbergCement	1874	7	7	es	es	0	1	39
33287	18705	HeidelbergCement	1972	7	7	es	es	0	1	39
33287	33325	HeidelbergCement	Adolf Merckle	7	7	es	es	0	1	39
33287	5017	HeidelbergCement	Aktiengesellschaft	7	7	es	es	0	1	39
33287	792	HeidelbergCement	Alemania	7	7	es	es	0	1	39
33287	33326	HeidelbergCement	Baden-Württemberg	7	7	es	es	0	1	39
33287	806	HeidelbergCement	Bélgica	7	7	es	es	0	1	39
33287	33327	HeidelbergCement	Cemento	7	7	es	es	0	1	39
33287	33328	HeidelbergCement	Cemento portland	7	7	es	es	0	1	39
33287	33329	HeidelbergCement	Cemex	7	7	es	es	0	1	39
33287	25933	HeidelbergCement	Empresa	7	7	es	es	0	1	39
33287	833	HeidelbergCement	Estados Unidos	7	7	es	es	0	1	39
33287	13565	HeidelbergCement	Europa del Este	7	7	es	es	0	1	39
33287	2770	HeidelbergCement	Francia	7	7	es	es	0	1	39
33287	33330	HeidelbergCement	Hanson	7	7	es	es	0	1	39
33287	33331	HeidelbergCement	Heidelberg	7	7	es	es	0	1	39
33287	33332	HeidelbergCement	Holcim	7	7	es	es	0	1	39
33287	33333	HeidelbergCement	Hormigón	7	7	es	es	0	1	39
33287	18953	HeidelbergCement	Indonesia	7	7	es	es	0	1	39
33287	848	HeidelbergCement	Industria	7	7	es	es	0	1	39
33287	13569	HeidelbergCement	Inversión	7	7	es	es	0	1	39
33287	33334	HeidelbergCement	Lafarge	7	7	es	es	0	1	39
33287	33335	HeidelbergCement	Materiales de construcción	7	7	es	es	0	1	39
33287	33336	HeidelbergCement	Mezcla bituminosa	7	7	es	es	0	1	39
33287	10028	HeidelbergCement	Reino Unido	7	7	es	es	0	1	39
33287	33337	HeidelbergCement	Schelklingen	7	7	es	es	0	1	39
33287	883	HeidelbergCement	Sitio web	7	7	es	es	0	1	39
33287	33338	HeidelbergCement	Vicat Cement	7	7	es	es	0	1	39
33287	30175	HeidelbergCement	África	7	7	es	es	0	1	39
33287	33339	HeidelbergCement	Árido (minería)	7	7	es	es	0	1	39
33287	33340	HeidelbergCement	Áridos	7	7	es	es	0	1	39
964	936	HeidelbergCement	Adidas	10	10	da	da	0	1	39
964	33341	HeidelbergCement	Adolf Merckle	10	10	da	da	0	1	39
964	938	HeidelbergCement	Allianz	10	10	da	da	0	1	39
964	939	HeidelbergCement	BASF	10	10	da	da	0	1	39
964	940	HeidelbergCement	BMW	10	10	da	da	0	1	39
964	33342	HeidelbergCement	Baden-Württemberg	10	10	da	da	0	1	39
964	941	HeidelbergCement	Bayer	10	10	da	da	0	1	39
964	942	HeidelbergCement	Beiersdorf AG	10	10	da	da	0	1	39
964	33343	HeidelbergCement	Belgien	10	10	da	da	0	1	39
964	33344	HeidelbergCement	Beton	10	10	da	da	0	1	39
964	33345	HeidelbergCement	Cement	10	10	da	da	0	1	39
964	33346	HeidelbergCement	Cemex	10	10	da	da	0	1	39
964	946	HeidelbergCement	Commerzbank	10	10	da	da	0	1	39
964	384	HeidelbergCement	Continental AG	10	10	da	da	0	1	39
964	947	HeidelbergCement	DAX	10	10	da	da	0	1	39
964	948	HeidelbergCement	Daimler AG	10	10	da	da	0	1	39
964	33347	HeidelbergCement	Danmark	10	10	da	da	0	1	39
964	949	HeidelbergCement	Deutsche Bank	10	10	da	da	0	1	39
964	950	HeidelbergCement	Deutsche Börse	10	10	da	da	0	1	39
964	951	HeidelbergCement	Deutsche Post	10	10	da	da	0	1	39
964	952	HeidelbergCement	Deutsche Telekom	10	10	da	da	0	1	39
964	954	HeidelbergCement	E.ON	10	10	da	da	0	1	39
964	32871	HeidelbergCement	Frankrig	10	10	da	da	0	1	39
964	959	HeidelbergCement	Fresenius Medical Care	10	10	da	da	0	1	39
964	960	HeidelbergCement	Fresenius SE	10	10	da	da	0	1	39
964	33348	HeidelbergCement	HC Pumps & Trucks	10	10	da	da	0	1	39
964	33349	HeidelbergCement	Heidelberg	10	10	da	da	0	1	39
964	965	HeidelbergCement	Henkel	10	10	da	da	0	1	39
964	33350	HeidelbergCement	Holcim	10	10	da	da	0	1	39
964	967	HeidelbergCement	Infineon Technologies	10	10	da	da	0	1	39
964	968	HeidelbergCement	K+S	10	10	da	da	0	1	39
964	33351	HeidelbergCement	Lafarge	10	10	da	da	0	1	39
964	970	HeidelbergCement	Lanxess	10	10	da	da	0	1	39
964	971	HeidelbergCement	Linde AG	10	10	da	da	0	1	39
964	972	HeidelbergCement	Lufthansa	10	10	da	da	0	1	39
964	974	HeidelbergCement	Merck KGaA	10	10	da	da	0	1	39
964	976	HeidelbergCement	Munich Re	10	10	da	da	0	1	39
964	33352	HeidelbergCement	Portlandcement	10	10	da	da	0	1	39
964	980	HeidelbergCement	RWE	10	10	da	da	0	1	39
964	33353	HeidelbergCement	Ringsted	10	10	da	da	0	1	39
964	981	HeidelbergCement	SAP AG	10	10	da	da	0	1	39
964	33354	HeidelbergCement	Scancem	10	10	da	da	0	1	39
964	33355	HeidelbergCement	Schelklingen	10	10	da	da	0	1	39
964	984	HeidelbergCement	Siemens AG	10	10	da	da	0	1	39
964	985	HeidelbergCement	ThyssenKrupp	10	10	da	da	0	1	39
964	33356	HeidelbergCement	Tilslag	10	10	da	da	0	1	39
964	986	HeidelbergCement	Tyskland	10	10	da	da	0	1	39
964	988	HeidelbergCement	Volkswagen Aktiengesellschaft	10	10	da	da	0	1	39
33288	33357	HeidelbergCement	1873	27	27	cs	cs	0	1	39
33288	33358	HeidelbergCement	2011	27	27	cs	cs	0	1	39
33288	19401	HeidelbergCement	Akciová společnost	27	27	cs	cs	0	1	39
33288	33359	HeidelbergCement	Asfalt	27	27	cs	cs	0	1	39
33288	33360	HeidelbergCement	Belgie	27	27	cs	cs	0	1	39
33288	33361	HeidelbergCement	Beton	27	27	cs	cs	0	1	39
33288	33362	HeidelbergCement	Betonárna	27	27	cs	cs	0	1	39
33288	33363	HeidelbergCement	Cement	27	27	cs	cs	0	1	39
33288	2982	HeidelbergCement	Euro	27	27	cs	cs	0	1	39
33288	33364	HeidelbergCement	Gruzie	27	27	cs	cs	0	1	39
33288	33365	HeidelbergCement	Heidelberg	27	27	cs	cs	0	1	39
33288	2983	HeidelbergCement	Holding	27	27	cs	cs	0	1	39
33288	33366	HeidelbergCement	Indie	27	27	cs	cs	0	1	39
33288	33367	HeidelbergCement	Johann Philipp Schifferdecker	27	27	cs	cs	0	1	39
33288	33368	HeidelbergCement	Kamenivo	27	27	cs	cs	0	1	39
33288	33369	HeidelbergCement	Králův Dvůr	27	27	cs	cs	0	1	39
33288	33370	HeidelbergCement	Lindenberg	27	27	cs	cs	0	1	39
33288	33371	HeidelbergCement	Maďarsko	27	27	cs	cs	0	1	39
33288	33372	HeidelbergCement	Mokrá-Horákov	27	27	cs	cs	0	1	39
33288	33373	HeidelbergCement	Města bez smogu	27	27	cs	cs	0	1	39
33288	33374	HeidelbergCement	Neckar	27	27	cs	cs	0	1	39
33288	2992	HeidelbergCement	Německo	27	27	cs	cs	0	1	39
33288	19439	HeidelbergCement	Německá demokratická republika	27	27	cs	cs	0	1	39
33288	33375	HeidelbergCement	Obchodní podíl	27	27	cs	cs	0	1	39
33288	15995	HeidelbergCement	Obrat (ekonomie)	27	27	cs	cs	0	1	39
33288	33376	HeidelbergCement	Omítka	27	27	cs	cs	0	1	39
33288	33377	HeidelbergCement	Prefabrikace	27	27	cs	cs	0	1	39
33288	33378	HeidelbergCement	Quarry Life Award	27	27	cs	cs	0	1	39
33288	33379	HeidelbergCement	Radotín	27	27	cs	cs	0	1	39
33288	33380	HeidelbergCement	Rekultivace	27	27	cs	cs	0	1	39
33288	33381	HeidelbergCement	Rusko	27	27	cs	cs	0	1	39
33288	33382	HeidelbergCement	Světová obchodní rada pro trvale udržitelný rozvoj	27	27	cs	cs	0	1	39
33288	33383	HeidelbergCement	TX Active	27	27	cs	cs	0	1	39
33288	33384	HeidelbergCement	VAPIS	27	27	cs	cs	0	1	39
33288	33385	HeidelbergCement	Vác	27	27	cs	cs	0	1	39
33288	33386	HeidelbergCement	World Business Council for Sustainable Development	27	27	cs	cs	0	1	39
33288	33387	HeidelbergCement	Znovusjednocení Německa	27	27	cs	cs	0	1	39
33288	33388	HeidelbergCement	Českomoravský beton	27	27	cs	cs	0	1	39
33288	33389	HeidelbergCement	Českomoravský cement	27	27	cs	cs	0	1	39
33288	33390	HeidelbergCement	Českomoravský štěrk	27	27	cs	cs	0	1	39
33288	13985	HeidelbergCement	Čína	27	27	cs	cs	0	1	39
33289	33391	HeidelbergCement	1874	12	12	no	no	0	1	39
33289	9657	HeidelbergCement	1999	12	12	no	no	0	1	39
33289	33392	HeidelbergCement	5. juni	12	12	no	no	0	1	39
33289	30453	HeidelbergCement	Baden-Württemberg	12	12	no	no	0	1	39
33289	33393	HeidelbergCement	Byggemateriale	12	12	no	no	0	1	39
33289	33394	HeidelbergCement	Heidelberg	12	12	no	no	0	1	39
33289	33395	HeidelbergCement	NorBetong	12	12	no	no	0	1	39
33289	33396	HeidelbergCement	NorStone	12	12	no	no	0	1	39
33289	33397	HeidelbergCement	Norcem	12	12	no	no	0	1	39
33289	33398	HeidelbergCement	Renor	12	12	no	no	0	1	39
33289	33399	HeidelbergCement	Sement	12	12	no	no	0	1	39
33289	33400	HeidelbergCement	Statens pensjonsfond	12	12	no	no	0	1	39
33289	1009	HeidelbergCement	Tyskland	12	12	no	no	0	1	39
33290	33401	HeidelbergCement	1874	13	13	pl	pl	0	1	39
33290	33402	HeidelbergCement	1896	13	13	pl	pl	0	1	39
33290	33403	HeidelbergCement	1914	13	13	pl	pl	0	1	39
33290	33404	HeidelbergCement	1936	13	13	pl	pl	0	1	39
33290	20013	HeidelbergCement	1972	13	13	pl	pl	0	1	39
33290	33405	HeidelbergCement	1977	13	13	pl	pl	0	1	39
33290	7454	HeidelbergCement	1990	13	13	pl	pl	0	1	39
33290	10058	HeidelbergCement	1993	13	13	pl	pl	0	1	39
33290	20023	HeidelbergCement	2005	13	13	pl	pl	0	1	39
33290	10059	HeidelbergCement	2006	13	13	pl	pl	0	1	39
33290	5555	HeidelbergCement	2007	13	13	pl	pl	0	1	39
33290	33406	HeidelbergCement	5 czerwca	13	13	pl	pl	0	1	39
33290	1015	HeidelbergCement	Branża	13	13	pl	pl	0	1	39
33290	33407	HeidelbergCement	Cement	13	13	pl	pl	0	1	39
33290	33408	HeidelbergCement	Cement portlandzki	13	13	pl	pl	0	1	39
33290	1018	HeidelbergCement	Dochód	13	13	pl	pl	0	1	39
33290	1020	HeidelbergCement	Formy prawne przedsiębiorstw	13	13	pl	pl	0	1	39
33290	33409	HeidelbergCement	Heidelberg	13	13	pl	pl	0	1	39
33290	33410	HeidelbergCement	Lafarge	13	13	pl	pl	0	1	39
33290	1037	HeidelbergCement	Niemcy	13	13	pl	pl	0	1	39
33290	1040	HeidelbergCement	Produkt (marketing)	13	13	pl	pl	0	1	39
33290	1047	HeidelbergCement	Siedziba (prawo)	13	13	pl	pl	0	1	39
33290	33411	HeidelbergCement	Spółka publiczna	13	13	pl	pl	0	1	39
33290	1053	HeidelbergCement	Zatrudnienie	13	13	pl	pl	0	1	39
1075	1054	HeidelbergCement	Adidas	14	14	nl	nl	0	1	39
1075	33412	HeidelbergCement	Adolf Merckle	14	14	nl	nl	0	1	39
1075	1055	HeidelbergCement	Allianz	14	14	nl	nl	0	1	39
1075	1056	HeidelbergCement	BASF (chemieconcern)	14	14	nl	nl	0	1	39
1075	1057	HeidelbergCement	BMW	14	14	nl	nl	0	1	39
1075	1058	HeidelbergCement	Bayer	14	14	nl	nl	0	1	39
1075	1059	HeidelbergCement	Beiersdorf AG	14	14	nl	nl	0	1	39
1075	33413	HeidelbergCement	Bernd Scheifele	14	14	nl	nl	0	1	39
1075	33414	HeidelbergCement	Bestuursvoorzitter	14	14	nl	nl	0	1	39
1075	33415	HeidelbergCement	Bouwmateriaal	14	14	nl	nl	0	1	39
1075	33416	HeidelbergCement	CBR (bedrijf)	14	14	nl	nl	0	1	39
1075	33417	HeidelbergCement	Cement (bouwmateriaal)	14	14	nl	nl	0	1	39
1075	1061	HeidelbergCement	Commerzbank	14	14	nl	nl	0	1	39
1075	388	HeidelbergCement	Continental AG	14	14	nl	nl	0	1	39
1075	1062	HeidelbergCement	DAX-index	14	14	nl	nl	0	1	39
1075	1063	HeidelbergCement	Daimler (Duitsland)	14	14	nl	nl	0	1	39
1075	1064	HeidelbergCement	Deutsche Bank	14	14	nl	nl	0	1	39
1075	1065	HeidelbergCement	Deutsche Börse	14	14	nl	nl	0	1	39
1075	1066	HeidelbergCement	Deutsche Post	14	14	nl	nl	0	1	39
1075	1067	HeidelbergCement	Deutsche Telekom	14	14	nl	nl	0	1	39
1075	1068	HeidelbergCement	Duitsland	14	14	nl	nl	0	1	39
1075	1069	HeidelbergCement	E.ON	14	14	nl	nl	0	1	39
1075	16031	HeidelbergCement	Economische sector	14	14	nl	nl	0	1	39
1075	1070	HeidelbergCement	Effectenbeurs	14	14	nl	nl	0	1	39
1075	14539	HeidelbergCement	Euro	14	14	nl	nl	0	1	39
1075	1071	HeidelbergCement	Fresenius	14	14	nl	nl	0	1	39
1075	1072	HeidelbergCement	Fresenius Medical Care	14	14	nl	nl	0	1	39
1075	33418	HeidelbergCement	Goederenkabelbaan Leimen–Nußloch	14	14	nl	nl	0	1	39
1075	33419	HeidelbergCement	Handelsregister	14	14	nl	nl	0	1	39
1075	33420	HeidelbergCement	Hanson plc	14	14	nl	nl	0	1	39
1075	30582	HeidelbergCement	Heidelberg (Duitsland)	14	14	nl	nl	0	1	39
1075	1076	HeidelbergCement	Henkel KGaA	14	14	nl	nl	0	1	39
1075	33421	HeidelbergCement	Indocement	14	14	nl	nl	0	1	39
1075	1077	HeidelbergCement	Infineon	14	14	nl	nl	0	1	39
1075	1078	HeidelbergCement	K+S	14	14	nl	nl	0	1	39
1075	1079	HeidelbergCement	Lanxess	14	14	nl	nl	0	1	39
1075	1080	HeidelbergCement	Linde AG	14	14	nl	nl	0	1	39
1075	1082	HeidelbergCement	Lufthansa	14	14	nl	nl	0	1	39
1075	1083	HeidelbergCement	Merck KGaA	14	14	nl	nl	0	1	39
1075	32913	HeidelbergCement	Miljard	14	14	nl	nl	0	1	39
1075	1085	HeidelbergCement	Münchener Rück	14	14	nl	nl	0	1	39
1075	3483	HeidelbergCement	Naamloze vennootschap	14	14	nl	nl	0	1	39
1075	1086	HeidelbergCement	Omzet	14	14	nl	nl	0	1	39
1075	1087	HeidelbergCement	RWE (energie)	14	14	nl	nl	0	1	39
1075	33422	HeidelbergCement	Raad van toezicht	14	14	nl	nl	0	1	39
1075	1090	HeidelbergCement	SAP AG	14	14	nl	nl	0	1	39
1075	33423	HeidelbergCement	Scancem	14	14	nl	nl	0	1	39
1075	1092	HeidelbergCement	Siemens AG	14	14	nl	nl	0	1	39
1075	1093	HeidelbergCement	ThyssenKrupp	14	14	nl	nl	0	1	39
1075	33424	HeidelbergCement	Vennootschap onder firma	14	14	nl	nl	0	1	39
1075	1094	HeidelbergCement	Volkswagen AG	14	14	nl	nl	0	1	39
1075	1097	HeidelbergCement	Winst (onderneming)	14	14	nl	nl	0	1	39
1075	33425	HeidelbergCement	Wirtschaftswoche	14	14	nl	nl	0	1	39
1075	1098	HeidelbergCement	Portaal:Economie	14	14	nl	nl	0	1	39
3835	33426	Heidelberg Cement	1874	16	16	it	it	0	1	39
3835	3803	Heidelberg Cement	2009	16	16	it	it	0	1	39
3835	33427	Heidelberg Cement	5 giugno	16	16	it	it	0	1	39
3835	3805	Heidelberg Cement	Adidas	16	16	it	it	0	1	39
3835	3807	Heidelberg Cement	Allianz	16	16	it	it	0	1	39
3835	3811	Heidelberg Cement	BASF	16	16	it	it	0	1	39
3835	3812	Heidelberg Cement	BMW	16	16	it	it	0	1	39
3835	3813	Heidelberg Cement	Bayer	16	16	it	it	0	1	39
3835	3814	Heidelberg Cement	Beiersdorf (azienda)	16	16	it	it	0	1	39
3835	3817	Heidelberg Cement	Blue chip	16	16	it	it	0	1	39
3835	3818	Heidelberg Cement	Borsa di Francoforte	16	16	it	it	0	1	39
3835	1165	Heidelberg Cement	Borsa valori	16	16	it	it	0	1	39
3835	33428	Heidelberg Cement	Calcestruzzo	16	16	it	it	0	1	39
3835	33429	Heidelberg Cement	Cemento	16	16	it	it	0	1	39
3835	3822	Heidelberg Cement	Commerzbank	16	16	it	it	0	1	39
3835	3824	Heidelberg Cement	DAX 30	16	16	it	it	0	1	39
3835	3825	Heidelberg Cement	Daimler (azienda)	16	16	it	it	0	1	39
3835	3826	Heidelberg Cement	Deutsche Bank	16	16	it	it	0	1	39
3835	1170	Heidelberg Cement	Deutsche Börse	16	16	it	it	0	1	39
3835	3827	Heidelberg Cement	Deutsche Post	16	16	it	it	0	1	39
3835	3828	Heidelberg Cement	Deutsche Telekom	16	16	it	it	0	1	39
3835	3830	Heidelberg Cement	E.ON	16	16	it	it	0	1	39
3835	3832	Heidelberg Cement	Fresenius	16	16	it	it	0	1	39
3835	3833	Heidelberg Cement	Fresenius Medical Care	16	16	it	it	0	1	39
3835	1179	Heidelberg Cement	Germania	16	16	it	it	0	1	39
3835	3834	Heidelberg Cement	Gruppo Volkswagen	16	16	it	it	0	1	39
3835	33430	Heidelberg Cement	Hanson (azienda)	16	16	it	it	0	1	39
3835	33431	Heidelberg Cement	Heidelberg	16	16	it	it	0	1	39
3835	3836	Heidelberg Cement	Henkel	16	16	it	it	0	1	39
3835	3837	Heidelberg Cement	Impresa	16	16	it	it	0	1	39
3835	3839	Heidelberg Cement	Indice azionario	16	16	it	it	0	1	39
3835	3840	Heidelberg Cement	Infineon Technologies	16	16	it	it	0	1	39
3835	3841	Heidelberg Cement	K+S	16	16	it	it	0	1	39
3835	3843	Heidelberg Cement	Linde AG	16	16	it	it	0	1	39
3835	3844	Heidelberg Cement	Lufthansa	16	16	it	it	0	1	39
3835	1960	Heidelberg Cement	MAN SE	16	16	it	it	0	1	39
3835	3851	Heidelberg Cement	Merck KGaA	16	16	it	it	0	1	39
3835	3852	Heidelberg Cement	Metro (azienda)	16	16	it	it	0	1	39
3835	3856	Heidelberg Cement	Munich Re	16	16	it	it	0	1	39
3835	3863	Heidelberg Cement	RWE (azienda)	16	16	it	it	0	1	39
3835	3866	Heidelberg Cement	SAP (azienda)	16	16	it	it	0	1	39
3835	1206	Heidelberg Cement	Siemens (azienda)	16	16	it	it	0	1	39
3835	1209	Heidelberg Cement	Sito web	16	16	it	it	0	1	39
3835	10499	Heidelberg Cement	Società per azioni	16	16	it	it	0	1	39
3835	1211	Heidelberg Cement	Stato	16	16	it	it	0	1	39
3835	3873	Heidelberg Cement	ThyssenKrupp	16	16	it	it	0	1	39
3835	5620	Heidelberg Cement	File:Stub .png	16	16	it	it	0	1	39
3835	10500	Heidelberg Cement	File:Stub aziende tedesche.png	16	16	it	it	0	1	39
3835	3917	Heidelberg Cement	Template:Aziende DAX 30	16	16	it	it	0	1	39
3835	3918	Heidelberg Cement	Discussioni template:Aziende DAX 30	16	16	it	it	0	1	39
3835	5625	Heidelberg Cement	Aiuto:Abbozzo	16	16	it	it	0	1	39
3835	5626	Heidelberg Cement	Aiuto:Manuale di stile	16	16	it	it	0	1	39
3835	10501	Heidelberg Cement	Categoria:Stub - aziende tedesche	16	16	it	it	0	1	39
3835	1213	Heidelberg Cement	Portale:Aziende	16	16	it	it	0	1	39
3835	1214	Heidelberg Cement	Portale:Aziende/icona	16	16	it	it	0	1	39
3835	33432	Heidelberg Cement	Portale:Economia	16	16	it	it	0	1	39
3835	33433	Heidelberg Cement	Portale:Economia/icona	16	16	it	it	0	1	39
3835	10502	Heidelberg Cement	Progetto:Aziende tedesche	16	16	it	it	0	1	39
33291	33434	ハイデルベルグセメント	1874年	17	17	ja	ja	0	1	39
33291	33435	ハイデルベルグセメント	6月5日	17	17	ja	ja	0	1	39
33291	5652	ハイデルベルグセメント	M&A	17	17	ja	ja	0	1	39
33291	28042	ハイデルベルグセメント	アジア	17	17	ja	ja	0	1	39
33291	33436	ハイデルベルグセメント	アドルフ・メルクル	17	17	ja	ja	0	1	39
33291	28043	ハイデルベルグセメント	アフリカ	17	17	ja	ja	0	1	39
33291	5654	ハイデルベルグセメント	アメリカ合衆国	17	17	ja	ja	0	1	39
33291	33437	ハイデルベルグセメント	インドネシア	17	17	ja	ja	0	1	39
33291	33438	ハイデルベルグセメント	コンクリート	17	17	ja	ja	0	1	39
33291	33439	ハイデルベルグセメント	セメックス	17	17	ja	ja	0	1	39
33291	33440	ハイデルベルグセメント	セメント	17	17	ja	ja	0	1	39
33291	33441	ハイデルベルグセメント	セメントメジャー	17	17	ja	ja	0	1	39
33291	1249	ハイデルベルグセメント	ドイツ	17	17	ja	ja	0	1	39
33291	33442	ハイデルベルグセメント	ノルウェー	17	17	ja	ja	0	1	39
33291	33443	ハイデルベルグセメント	ハイデルベルク	17	17	ja	ja	0	1	39
33291	33444	ハイデルベルグセメント	ハンソン (企業)	17	17	ja	ja	0	1	39
33291	3944	ハイデルベルグセメント	フランクフルト証券取引所	17	17	ja	ja	0	1	39
33291	14848	ハイデルベルグセメント	フランス	17	17	ja	ja	0	1	39
33291	14857	ハイデルベルグセメント	ベルギー	17	17	ja	ja	0	1	39
33291	33445	ハイデルベルグセメント	ホルシム	17	17	ja	ja	0	1	39
33291	1278	ハイデルベルグセメント	ユーロ	17	17	ja	ja	0	1	39
33291	28055	ハイデルベルグセメント	ヨーロッパ	17	17	ja	ja	0	1	39
33291	33446	ハイデルベルグセメント	ラファージュ	17	17	ja	ja	0	1	39
33291	14881	ハイデルベルグセメント	中国	17	17	ja	ja	0	1	39
33291	3959	ハイデルベルグセメント	会社	17	17	ja	ja	0	1	39
33291	23158	ハイデルベルグセメント	北アメリカ	17	17	ja	ja	0	1	39
33291	28062	ハイデルベルグセメント	最高経営責任者	17	17	ja	ja	0	1	39
33291	5683	ハイデルベルグセメント	株式会社	17	17	ja	ja	0	1	39
33291	3967	ハイデルベルグセメント	業種	17	17	ja	ja	0	1	39
33291	33447	ハイデルベルグセメント	骨材	17	17	ja	ja	0	1	39
33291	3986	ハイデルベルグセメント	Template:基礎情報 会社	17	17	ja	ja	0	1	39
33291	33448	ハイデルベルグセメント	Category:日本のガラス・土石製品産業	17	17	ja	ja	0	1	39
33292	33449	Heidelberg cement group	Abetong AB	20	20	sv	sv	0	1	39
33292	33450	Heidelberg cement group	Adolf Merckle	20	20	sv	sv	0	1	39
33292	12137	Heidelberg cement group	Belgien	20	20	sv	sv	0	1	39
33292	33451	Heidelberg cement group	Betong	20	20	sv	sv	0	1	39
33292	33452	Heidelberg cement group	Betongelement	20	20	sv	sv	0	1	39
33292	33453	Heidelberg cement group	Betongindustri	20	20	sv	sv	0	1	39
33292	33454	Heidelberg cement group	Byggnadsmaterial	20	20	sv	sv	0	1	39
33292	33455	Heidelberg cement group	Cement	20	20	sv	sv	0	1	39
33292	33456	Heidelberg cement group	Cementa	20	20	sv	sv	0	1	39
33292	1338	Heidelberg cement group	Deutscher Aktienindex	20	20	sv	sv	0	1	39
33292	4186	Heidelberg cement group	Euro	20	20	sv	sv	0	1	39
33292	8646	Heidelberg cement group	Frankfurt am Main	20	20	sv	sv	0	1	39
33292	12148	Heidelberg cement group	Frankrike	20	20	sv	sv	0	1	39
33292	33457	Heidelberg cement group	Heidelberg	20	20	sv	sv	0	1	39
33292	33458	Heidelberg cement group	Jehander	20	20	sv	sv	0	1	39
33292	33459	Heidelberg cement group	Liljeholmen	20	20	sv	sv	0	1	39
33292	33460	Heidelberg cement group	Multinationell	20	20	sv	sv	0	1	39
33292	33461	Heidelberg cement group	Portlandcement	20	20	sv	sv	0	1	39
33292	4232	Heidelberg cement group	Tyskland	20	20	sv	sv	0	1	39
33292	33462	Heidelberg cement group	Tyskt	20	20	sv	sv	0	1	39
33292	12185	Heidelberg cement group	USA	20	20	sv	sv	0	1	39
28490	33463	HeidelbergCement	1874	21	21	ru	ru	0	1	39
28490	33464	HeidelbergCement	1874 год	21	21	ru	ru	0	1	39
28490	28470	HeidelbergCement	Aareal Bank	21	21	ru	ru	0	1	39
28490	28471	HeidelbergCement	Aurubis	21	21	ru	ru	0	1	39
28490	28472	HeidelbergCement	Bauer Group	21	21	ru	ru	0	1	39
28490	28473	HeidelbergCement	BayWa	21	21	ru	ru	0	1	39
28490	28475	HeidelbergCement	Bilfinger Berger	21	21	ru	ru	0	1	39
28490	33465	HeidelbergCement	CEO	21	21	ru	ru	0	1	39
28490	28476	HeidelbergCement	Celesio	21	21	ru	ru	0	1	39
28490	395	HeidelbergCement	Continental AG	21	21	ru	ru	0	1	39
28490	1435	HeidelbergCement	DAX	21	21	ru	ru	0	1	39
28490	28477	HeidelbergCement	Demag Cranes AG	21	21	ru	ru	0	1	39
28490	28478	HeidelbergCement	Deutsche EuroShop	21	21	ru	ru	0	1	39
28490	8706	HeidelbergCement	Deutsche Postbank	21	21	ru	ru	0	1	39
28490	28479	HeidelbergCement	Douglas Holding	21	21	ru	ru	0	1	39
28490	28480	HeidelbergCement	EADS	21	21	ru	ru	0	1	39
28490	28481	HeidelbergCement	ElringKlinger	21	21	ru	ru	0	1	39
28490	28482	HeidelbergCement	Fielmann	21	21	ru	ru	0	1	39
28490	28483	HeidelbergCement	Fraport	21	21	ru	ru	0	1	39
28490	28484	HeidelbergCement	Fuchs Petrolub	21	21	ru	ru	0	1	39
28490	28485	HeidelbergCement	GAGFAH	21	21	ru	ru	0	1	39
28490	28486	HeidelbergCement	GEA Group	21	21	ru	ru	0	1	39
28490	28487	HeidelbergCement	Gerresheimer	21	21	ru	ru	0	1	39
28490	28488	HeidelbergCement	Gildemeister	21	21	ru	ru	0	1	39
28490	28489	HeidelbergCement	HHLA	21	21	ru	ru	0	1	39
28490	4321	HeidelbergCement	Hannover Re	21	21	ru	ru	0	1	39
28490	28491	HeidelbergCement	Heidelberger Druckmaschinen	21	21	ru	ru	0	1	39
28490	28492	HeidelbergCement	Hochtief	21	21	ru	ru	0	1	39
28490	28493	HeidelbergCement	Hugo Boss	21	21	ru	ru	0	1	39
28490	28494	HeidelbergCement	IVG Immobilien	21	21	ru	ru	0	1	39
28490	28495	HeidelbergCement	Klöckner	21	21	ru	ru	0	1	39
28490	28496	HeidelbergCement	Krones	21	21	ru	ru	0	1	39
28490	28407	HeidelbergCement	Lanxess	21	21	ru	ru	0	1	39
28490	28497	HeidelbergCement	Leoni AG	21	21	ru	ru	0	1	39
28490	28498	HeidelbergCement	MDAX	21	21	ru	ru	0	1	39
28490	28499	HeidelbergCement	MLP AG	21	21	ru	ru	0	1	39
28490	28500	HeidelbergCement	MTU Aero Engines	21	21	ru	ru	0	1	39
28490	28501	HeidelbergCement	Pfleiderer	21	21	ru	ru	0	1	39
28490	28502	HeidelbergCement	Praktiker	21	21	ru	ru	0	1	39
28490	28503	HeidelbergCement	ProSiebenSat.1 Media	21	21	ru	ru	0	1	39
28490	28504	HeidelbergCement	Puma AG	21	21	ru	ru	0	1	39
28490	28505	HeidelbergCement	Rational AG	21	21	ru	ru	0	1	39
28490	28506	HeidelbergCement	Rheinmetall	21	21	ru	ru	0	1	39
28490	28507	HeidelbergCement	Rhön-Klinikum	21	21	ru	ru	0	1	39
28490	28508	HeidelbergCement	SGL Carbon	21	21	ru	ru	0	1	39
28490	28509	HeidelbergCement	STADA Arzneimittel	21	21	ru	ru	0	1	39
28490	28510	HeidelbergCement	Sky Deutschland	21	21	ru	ru	0	1	39
28490	28511	HeidelbergCement	Symrise	21	21	ru	ru	0	1	39
28490	28512	HeidelbergCement	Südzucker	21	21	ru	ru	0	1	39
28490	28513	HeidelbergCement	TUI	21	21	ru	ru	0	1	39
28490	28514	HeidelbergCement	Tognum	21	21	ru	ru	0	1	39
28490	28515	HeidelbergCement	Vossloh	21	21	ru	ru	0	1	39
28490	28516	HeidelbergCement	Wacker Chemie	21	21	ru	ru	0	1	39
28490	28517	HeidelbergCement	Wincor Nixdorf	21	21	ru	ru	0	1	39
28490	33466	HeidelbergCement	Xetra	21	21	ru	ru	0	1	39
28490	33467	HeidelbergCement	Амвросиевка	21	21	ru	ru	0	1	39
28490	33468	HeidelbergCement	Баден-Вюртемберг	21	21	ru	ru	0	1	39
28490	33469	HeidelbergCement	Башкортостан	21	21	ru	ru	0	1	39
28490	1461	HeidelbergCement	Бельгия	21	21	ru	ru	0	1	39
28490	33470	HeidelbergCement	Бетон	21	21	ru	ru	0	1	39
28490	1464	HeidelbergCement	Великобритания	21	21	ru	ru	0	1	39
28490	33471	HeidelbergCement	Воронежская область	21	21	ru	ru	0	1	39
28490	1471	HeidelbergCement	Выручка	21	21	ru	ru	0	1	39
28490	33472	HeidelbergCement	Гейдельберг	21	21	ru	ru	0	1	39
28490	1475	HeidelbergCement	Германия	21	21	ru	ru	0	1	39
28490	33473	HeidelbergCement	Днепродзержинск	21	21	ru	ru	0	1	39
28490	12239	HeidelbergCement	Казахстан	21	21	ru	ru	0	1	39
28490	24760	HeidelbergCement	Калининград	21	21	ru	ru	0	1	39
28490	33474	HeidelbergCement	Кривой Рог	21	21	ru	ru	0	1	39
28490	33475	HeidelbergCement	Ленинградская область	21	21	ru	ru	0	1	39
28490	1499	HeidelbergCement	Листинг (экономика)	21	21	ru	ru	0	1	39
28490	33476	HeidelbergCement	Мурманск	21	21	ru	ru	0	1	39
28490	33477	HeidelbergCement	Новогуровский	21	21	ru	ru	0	1	39
28490	4376	HeidelbergCement	Операционная прибыль	21	21	ru	ru	0	1	39
28490	4380	HeidelbergCement	Продукт (бизнес)	21	21	ru	ru	0	1	39
28490	1520	HeidelbergCement	Публичная компания	21	21	ru	ru	0	1	39
28490	1526	HeidelbergCement	Сайт	21	21	ru	ru	0	1	39
28490	33478	HeidelbergCement	Стерлитамак	21	21	ru	ru	0	1	39
28490	33479	HeidelbergCement	Строительные материалы	21	21	ru	ru	0	1	39
28490	33480	HeidelbergCement	Тульская область	21	21	ru	ru	0	1	39
28490	1549	HeidelbergCement	Франкфуртская фондовая биржа	21	21	ru	ru	0	1	39
28490	1550	HeidelbergCement	Франция	21	21	ru	ru	0	1	39
28490	33481	HeidelbergCement	Цемент	21	21	ru	ru	0	1	39
28490	1554	HeidelbergCement	Чистая прибыль	21	21	ru	ru	0	1	39
28490	1559	HeidelbergCement	Юридическое лицо	21	21	ru	ru	0	1	39
33293	8778	HeidelbergCement	1873	22	22	ro	ro	0	1	39
33293	33482	HeidelbergCement	1914	22	22	ro	ro	0	1	39
33293	15390	HeidelbergCement	1960	22	22	ro	ro	0	1	39
33293	33483	HeidelbergCement	1977	22	22	ro	ro	0	1	39
33293	33484	HeidelbergCement	1998	22	22	ro	ro	0	1	39
33293	24829	HeidelbergCement	2000	22	22	ro	ro	0	1	39
33293	9341	HeidelbergCement	2002	22	22	ro	ro	0	1	39
33293	1565	HeidelbergCement	2007	22	22	ro	ro	0	1	39
33293	4404	HeidelbergCement	2008	22	22	ro	ro	0	1	39
33293	1566	HeidelbergCement	2009	22	22	ro	ro	0	1	39
33293	33485	HeidelbergCement	29 aprilie	22	22	ro	ro	0	1	39
33293	33486	HeidelbergCement	Bicaz	22	22	ro	ro	0	1	39
33293	33228	HeidelbergCement	București	22	22	ro	ro	0	1	39
33293	33487	HeidelbergCement	Deva	22	22	ro	ro	0	1	39
33293	1573	HeidelbergCement	Euro	22	22	ro	ro	0	1	39
33293	33488	HeidelbergCement	Fieni	22	22	ro	ro	0	1	39
33293	1575	HeidelbergCement	Germania	22	22	ro	ro	0	1	39
33293	33489	HeidelbergCement	Hanson	22	22	ro	ro	0	1	39
33293	33490	HeidelbergCement	Heidelberg	22	22	ro	ro	0	1	39
33293	33491	HeidelbergCement	Holcim	22	22	ro	ro	0	1	39
33293	33492	HeidelbergCement	Lafarge	22	22	ro	ro	0	1	39
33293	25029	HeidelbergCement	SUA	22	22	ro	ro	0	1	39
33293	1581	HeidelbergCement	Timișoara	22	22	ro	ro	0	1	39
1610	1586	HeidelbergCement	Adidas	23	23	pt	pt	0	1	39
1610	1588	HeidelbergCement	Alemanha	23	23	pt	pt	0	1	39
1610	1589	HeidelbergCement	Allianz	23	23	pt	pt	0	1	39
1610	1591	HeidelbergCement	BASF	23	23	pt	pt	0	1	39
1610	1592	HeidelbergCement	BMW	23	23	pt	pt	0	1	39
1610	1593	HeidelbergCement	Bayer	23	23	pt	pt	0	1	39
1610	1594	HeidelbergCement	Beiersdorf	23	23	pt	pt	0	1	39
1610	33493	HeidelbergCement	Cimento	23	23	pt	pt	0	1	39
1610	1595	HeidelbergCement	Commerzbank	23	23	pt	pt	0	1	39
1610	397	HeidelbergCement	Continental AG	23	23	pt	pt	0	1	39
1610	1597	HeidelbergCement	DAX-30	23	23	pt	pt	0	1	39
1610	1598	HeidelbergCement	Daimler AG	23	23	pt	pt	0	1	39
1610	1599	HeidelbergCement	Deutsche Bank	23	23	pt	pt	0	1	39
1610	1600	HeidelbergCement	Deutsche Börse	23	23	pt	pt	0	1	39
1610	1601	HeidelbergCement	Deutsche Post	23	23	pt	pt	0	1	39
1610	1602	HeidelbergCement	Deutsche Telekom	23	23	pt	pt	0	1	39
1610	1603	HeidelbergCement	E.ON	23	23	pt	pt	0	1	39
1610	1606	HeidelbergCement	Fresenius	23	23	pt	pt	0	1	39
1610	1607	HeidelbergCement	Fresenius Medical Care	23	23	pt	pt	0	1	39
1610	1608	HeidelbergCement	Grupo Volkswagen	23	23	pt	pt	0	1	39
1610	1611	HeidelbergCement	Henkel	23	23	pt	pt	0	1	39
1610	1612	HeidelbergCement	Infineon Technologies	23	23	pt	pt	0	1	39
1610	1613	HeidelbergCement	K+S	23	23	pt	pt	0	1	39
1610	1614	HeidelbergCement	Linde AG	23	23	pt	pt	0	1	39
1610	1615	HeidelbergCement	Lufthansa	23	23	pt	pt	0	1	39
1610	1616	HeidelbergCement	MAN SE	23	23	pt	pt	0	1	39
1610	1617	HeidelbergCement	METRO AG	23	23	pt	pt	0	1	39
1610	33494	HeidelbergCement	Materiais de construção	23	23	pt	pt	0	1	39
1610	1619	HeidelbergCement	Merck KGaA	23	23	pt	pt	0	1	39
1610	1620	HeidelbergCement	Munich Re	23	23	pt	pt	0	1	39
1610	1623	HeidelbergCement	RWE	23	23	pt	pt	0	1	39
1610	1624	HeidelbergCement	SAP AG	23	23	pt	pt	0	1	39
1610	1625	HeidelbergCement	Siemens AG	23	23	pt	pt	0	1	39
1610	1626	HeidelbergCement	ThyssenKrupp	23	23	pt	pt	0	1	39
1610	1630	HeidelbergCement	Predefinição:DAX	23	23	pt	pt	0	1	39
1683	33495	海德堡水泥	1874年	24	24	zh	zh	0	1	39
1683	4508	海德堡水泥	2009年	24	24	zh	zh	0	1	39
1683	33496	海德堡水泥	Adolf Merckle	24	24	zh	zh	0	1	39
1683	33497	海德堡水泥	Bergheimer Mühle	24	24	zh	zh	0	1	39
1683	33498	海德堡水泥	Burglengenfeld	24	24	zh	zh	0	1	39
1683	10572	海德堡水泥	DAX	24	24	zh	zh	0	1	39
1683	33499	海德堡水泥	Gipswerkes	24	24	zh	zh	0	1	39
1683	33500	海德堡水泥	Gurovo Beton	24	24	zh	zh	0	1	39
1683	33501	海德堡水泥	ISIN	24	24	zh	zh	0	1	39
1683	33502	海德堡水泥	Indocement	24	24	zh	zh	0	1	39
1683	33503	海德堡水泥	Kakanj	24	24	zh	zh	0	1	39
1683	33504	海德堡水泥	Kiefersfelden	24	24	zh	zh	0	1	39
1683	33505	海德堡水泥	Kraftverkehr Bayern	24	24	zh	zh	0	1	39
1683	33506	海德堡水泥	Lehigh Cement	24	24	zh	zh	0	1	39
1683	33507	海德堡水泥	Lengfurt	24	24	zh	zh	0	1	39
1683	33508	海德堡水泥	Mysore	24	24	zh	zh	0	1	39
1683	33509	海德堡水泥	OHG	24	24	zh	zh	0	1	39
1683	33510	海德堡水泥	Saint Gobain	24	24	zh	zh	0	1	39
1683	33511	海德堡水泥	Vicat	24	24	zh	zh	0	1	39
1683	33512	海德堡水泥	WKN	24	24	zh	zh	0	1	39
1683	33513	海德堡水泥	WestLB银行	24	24	zh	zh	0	1	39
1683	9352	海德堡水泥	Xetra系统	24	24	zh	zh	0	1	39
1683	33514	海德堡水泥	东欧剧变	24	24	zh	zh	0	1	39
1683	9355	海德堡水泥	公众公司	24	24	zh	zh	0	1	39
1683	33515	海德堡水泥	卡特尔	24	24	zh	zh	0	1	39
1683	33516	海德堡水泥	富达	24	24	zh	zh	0	1	39
1683	33517	海德堡水泥	建筑材料	24	24	zh	zh	0	1	39
1683	33518	海德堡水泥	弗利兹·尤根·海克曼	24	24	zh	zh	0	1	39
1683	1659	海德堡水泥	德国	24	24	zh	zh	0	1	39
1683	33519	海德堡水泥	德国联邦卡特尔局	24	24	zh	zh	0	1	39
1683	26543	海德堡水泥	曼海姆	24	24	zh	zh	0	1	39
1683	4566	海德堡水泥	欧元	24	24	zh	zh	0	1	39
1683	33520	海德堡水泥	水泥	24	24	zh	zh	0	1	39
1683	33521	海德堡水泥	汉森	24	24	zh	zh	0	1	39
1683	33522	海德堡水泥	波士顿	24	24	zh	zh	0	1	39
1683	33523	海德堡水泥	海德堡	24	24	zh	zh	0	1	39
1683	1684	海德堡水泥	營業額	24	24	zh	zh	0	1	39
1683	1685	海德堡水泥	產業	24	24	zh	zh	0	1	39
1683	33524	海德堡水泥	股份制公司	24	24	zh	zh	0	1	39
1683	33525	海德堡水泥	英国汉森	24	24	zh	zh	0	1	39
1683	33526	海德堡水泥	萨斯吉尔特钢铁	24	24	zh	zh	0	1	39
1683	33527	海德堡水泥	贝尔登·舍福勒	24	24	zh	zh	0	1	39
1683	33528	海德堡水泥	路德维希.默克	24	24	zh	zh	0	1	39
1683	33529	海德堡水泥	骨料	24	24	zh	zh	0	1	39
1683	9031	海德堡水泥	黑石集团	24	24	zh	zh	0	1	39
1683	1714	海德堡水泥	Category:公司	24	24	zh	zh	0	1	39
